{
	"credit": "Made with Blockbench",
	"texture_size": [32, 32],
	"textures": {
		"0": "item/toolgun",
		"1": "item/toolgun_mod",
		"particle": "item/toolgun"
	},
	"elements": [
		{
			"name": "frame",
			"from": [7.5, 4, 3],
			"to": [8.5, 8, 5],
			"rotation": {"angle": 0, "axis": "y", "origin": [8, 8, 12]},
			"faces": {
				"north": {"uv": [10, 5, 10.5, 7], "texture": "#0"},
				"east": {"uv": [11.5, 5, 10.5, 7], "texture": "#0"},
				"south": {"uv": [11.5, 5, 12, 7], "texture": "#0"},
				"west": {"uv": [10.5, 5, 11.5, 7], "texture": "#0"}
			}
		},
		{
			"name": "cylinder",
			"from": [5.5, 4.5, 5],
			"to": [10.5, 9.5, 12],
			"rotation": {"angle": 0, "axis": "y", "origin": [8, 8, 12]},
			"faces": {
				"north": {"uv": [3.5, 7, 6, 9.5], "texture": "#0"},
				"east": {"uv": [3.5, 7, 0, 9.5], "texture": "#0"},
				"west": {"uv": [0, 7, 3.5, 9.5], "texture": "#0"},
				"up": {"uv": [0, 9.5, 3.5, 12], "rotation": 90, "texture": "#0"},
				"down": {"uv": [0, 9.5, 3.5, 12], "rotation": 270, "texture": "#0"}
			}
		},
		{
			"name": "frame",
			"from": [7, 2, 3],
			"to": [9, 4, 12],
			"rotation": {"angle": 0, "axis": "y", "origin": [7, 8, 12]},
			"faces": {
				"north": {"uv": [3.5, 5, 4.5, 6], "texture": "#0"},
				"east": {"uv": [4.5, 5, 0, 6], "texture": "#0"},
				"south": {"uv": [3.5, 0, 4.5, 1], "texture": "#0"},
				"west": {"uv": [0, 5, 4.5, 6], "texture": "#0"},
				"up": {"uv": [0, 4, 4.5, 5], "rotation": 90, "texture": "#0"},
				"down": {"uv": [0, 6, 4.5, 7], "rotation": 270, "texture": "#0"}
			}
		},
		{
			"name": "trigger",
			"from": [8, -2, 8],
			"to": [8, 2, 14],
			"rotation": {"angle": 22.5, "axis": "x", "origin": [8, 2, 12]},
			"faces": {
				"east": {"uv": [8, 4, 5, 6], "texture": "#0"},
				"west": {"uv": [5, 4, 8, 6], "texture": "#0"}
			}
		},
		{
			"name": "trigger",
			"from": [7.5, -2, 8],
			"to": [8.5, 2, 14],
			"rotation": {"angle": 22.5, "axis": "x", "origin": [8, 2, 12]},
			"faces": {
				"north": {"uv": [4.5, 4, 5, 6], "texture": "#0"},
				"south": {"uv": [8, 4, 8.5, 6], "texture": "#0"},
				"down": {"uv": [5, 6, 8, 6.5], "rotation": 270, "texture": "#0"}
			}
		},
		{
			"name": "trigger_outline",
			"from": [8.5, 2, 14],
			"to": [7.5, -2, 8],
			"rotation": {"angle": 22.5, "axis": "x", "origin": [8, 2, 12]},
			"faces": {
				"north": {"uv": [8, 4, 8.5, 6], "rotation": 180, "texture": "#0"},
				"south": {"uv": [4.5, 4, 5, 6], "rotation": 180, "texture": "#0"},
				"up": {"uv": [5, 6, 8, 6.5], "rotation": 270, "texture": "#0"}
			}
		},
		{
			"name": "cylinder",
			"from": [5, 4, 12],
			"to": [11, 10, 14],
			"rotation": {"angle": 0, "axis": "y", "origin": [8, 8, 12]},
			"faces": {
				"north": {"uv": [12.5, 1, 15.5, 4], "texture": "#0"},
				"east": {"uv": [9.5, 1, 8.5, 4], "texture": "#0"},
				"south": {"uv": [9.5, 1, 12.5, 4], "texture": "#0"},
				"west": {"uv": [8.5, 1, 9.5, 4], "texture": "#0"},
				"up": {"uv": [9.5, 0, 12.5, 1], "texture": "#0"},
				"down": {"uv": [9.5, 4, 12.5, 5], "rotation": 180, "texture": "#0"}
			}
		},
		{
			"name": "cylinder",
			"from": [7, 6, 14],
			"to": [9, 8, 16],
			"rotation": {"angle": 0, "axis": "y", "origin": [8, 8, 12]},
			"faces": {
				"north": {"uv": [7.5, 1.5, 8.5, 2.5], "texture": "#0"},
				"east": {"uv": [8.5, 5, 9.5, 6], "rotation": 180, "texture": "#0"},
				"south": {"uv": [8.5, 4, 9.5, 5], "texture": "#0"},
				"west": {"uv": [8.5, 4, 9.5, 5], "rotation": 90, "texture": "#0"},
				"up": {"uv": [8.5, 4, 9.5, 5], "rotation": 270, "texture": "#0"},
				"down": {"uv": [8.5, 5, 9.5, 6], "rotation": 180, "texture": "#0"}
			}
		},
		{
			"name": "frame",
			"from": [7, 9.5, 8],
			"to": [9, 11.5, 12],
			"rotation": {"angle": 0, "axis": "y", "origin": [7, 9.5, -1]},
			"faces": {
				"north": {"uv": [11, 6.5, 12, 7.5], "texture": "#0"},
				"east": {"uv": [12, 7, 10, 8], "texture": "#0"},
				"south": {"uv": [10.5, 6.5, 11.5, 7.5], "rotation": 270, "texture": "#0"},
				"west": {"uv": [10, 7, 12, 8], "texture": "#0"},
				"up": {"uv": [10, 6.5, 12, 7.5], "rotation": 90, "texture": "#0"}
			}
		},
		{
			"name": "barrel",
			"from": [7, 8, -12],
			"to": [9, 10, 5],
			"rotation": {"angle": 0, "axis": "y", "origin": [8, 8, 12]},
			"faces": {
				"north": {"uv": [7.5, 2, 8.5, 3], "texture": "#0"},
				"east": {"uv": [8.5, 2, 0, 3], "texture": "#0"},
				"south": {"uv": [7.5, 2, 8.5, 3], "texture": "#0"},
				"west": {"uv": [0, 2, 8.5, 3], "texture": "#0"},
				"up": {"uv": [0, 1, 8.5, 2], "rotation": 90, "texture": "#0"},
				"down": {"uv": [0, 3, 8.5, 4], "rotation": 270, "texture": "#0"}
			}
		},
		{
			"name": "barrel",
			"from": [7.5, 7, -12],
			"to": [8.5, 8, 3],
			"rotation": {"angle": 45, "axis": "z", "origin": [8, 7.5, 3]},
			"faces": {
				"north": {"uv": [0, 0.5, 0.5, 1], "texture": "#0"},
				"east": {"uv": [7.5, 0, 0, 0.5], "texture": "#0"},
				"south": {"uv": [7, 0.5, 7.5, 1], "texture": "#0"},
				"west": {"uv": [0, 0.5, 7.5, 1], "texture": "#0"},
				"up": {"uv": [0, 0, 7.5, 0.5], "rotation": 90, "texture": "#0"},
				"down": {"uv": [0, 0.5, 7.5, 1], "rotation": 270, "texture": "#0"}
			}
		},
		{
			"name": "sight",
			"from": [8, 10, -12],
			"to": [8, 12, -9],
			"rotation": {"angle": 22.5, "axis": "x", "origin": [8, 10, -12]},
			"faces": {
				"east": {"uv": [9, 0, 7.5, 1], "texture": "#0"},
				"west": {"uv": [7.5, 0, 9, 1], "texture": "#0"}
			}
		},
		{
			"name": "frame",
			"from": [7, 0, 12],
			"to": [9, 5, 16],
			"rotation": {"angle": 0, "axis": "y", "origin": [8, 8, 12]},
			"faces": {
				"north": {"uv": [12, 5, 13, 7.5], "texture": "#0"},
				"east": {"uv": [15, 5, 13, 7.5], "texture": "#0"},
				"south": {"uv": [15, 5, 16, 7.5], "texture": "#0"},
				"west": {"uv": [13, 5, 15, 7.5], "texture": "#0"},
				"up": {"uv": [13, 4, 15, 5], "rotation": 90, "texture": "#0"},
				"down": {"uv": [13, 7.5, 15, 8.5], "rotation": 270, "texture": "#0"}
			}
		},
		{
			"name": "grip",
			"from": [6.5, 0, 16],
			"to": [9.5, 4, 22],
			"rotation": {"angle": 22.5, "axis": "x", "origin": [8, 4, 16]},
			"faces": {
				"north": {"uv": [6, 14, 8, 15.5], "rotation": 270, "texture": "#0"},
				"east": {"uv": [3, 12.5, 0, 14.5], "texture": "#0"},
				"west": {"uv": [0, 13.5, 3, 15.5], "texture": "#0"},
				"up": {"uv": [0, 12, 3, 13.5], "rotation": 90, "texture": "#0"},
				"down": {"uv": [3, 14, 6, 15.5], "rotation": 90, "texture": "#0"}
			}
		},
		{
			"name": "grip",
			"from": [6, -7.2961, 16.54328],
			"to": [10.25, 1.7039, 21.54328],
			"rotation": {"angle": -22.5, "axis": "x", "origin": [8, 1.7039, 21.54328]},
			"faces": {
				"north": {"uv": [6.5, 8.5, 8.5, 13], "texture": "#0"},
				"east": {"uv": [11, 8.5, 8.5, 13], "texture": "#0"},
				"south": {"uv": [11, 8.5, 13, 13], "texture": "#0"},
				"west": {"uv": [8.5, 8.5, 11, 13], "texture": "#0"},
				"up": {"uv": [8.5, 8.5, 11, 9], "rotation": 90, "texture": "#0"},
				"down": {"uv": [6.5, 6.5, 9, 8.5], "rotation": 270, "texture": "#0"}
			}
		},
		{
			"name": "screen",
			"from": [8.5, 15.25, 4],
			"to": [13.5, 15.25, 9],
			"rotation": {"angle": 45, "axis": "x", "origin": [7, 11.5, 9]},
			"faces": {
				"up": {"uv": [7.5, 10, 10, 12.5], "texture": "#1"},
				"down": {"uv": [10, 10, 7.5, 12.5], "texture": "#1"}
			}
		},
		{
			"name": "frame",
			"from": [7.5, 11.5, 9],
			"to": [7.5, 14.5, 11],
			"rotation": {"angle": 45, "axis": "x", "origin": [7, 11.5, 9]},
			"faces": {
				"east": {"uv": [8.5, 5, 7, 6], "rotation": 270, "texture": "#1"},
				"west": {"uv": [7, 5, 8.5, 6], "rotation": 90, "texture": "#1"}
			}
		},
		{
			"name": "screen",
			"from": [3.5, 14, 6],
			"to": [12.5, 15, 15],
			"rotation": {"angle": 45, "axis": "x", "origin": [7, 11.5, 9]},
			"faces": {
				"north": {"uv": [0.5, 0, 5, 0.5], "rotation": 180, "texture": "#1"},
				"east": {"uv": [5, 0.5, 5.5, 5], "rotation": 90, "texture": "#1"},
				"south": {"uv": [0.5, 5, 5, 5.5], "texture": "#1"},
				"west": {"uv": [0, 0.5, 0.5, 5], "rotation": 270, "texture": "#1"},
				"up": {"uv": [0.5, 0.5, 5, 5], "texture": "#1"},
				"down": {"uv": [5.5, 0.5, 10, 5], "rotation": 180, "texture": "#1"}
			}
		},
		{
			"name": "screen",
			"from": [4.5, 7.5, 3],
			"to": [8.5, 14.5, 7],
			"rotation": {"angle": 45, "axis": "x", "origin": [7, 11.5, 9]},
			"faces": {
				"north": {"uv": [2, 10.5, 5.5, 12.5], "rotation": 270, "texture": "#1"},
				"up": {"uv": [5.5, 10.5, 7.5, 12.5], "rotation": 90, "texture": "#1"},
				"down": {"uv": [0, 10.5, 2, 12.5], "rotation": 90, "texture": "#1"}
			}
		},
		{
			"name": "screen_outline",
			"from": [8.5, 14.5, 7],
			"to": [4.5, 7.5, 3],
			"rotation": {"angle": 45, "axis": "x", "origin": [7, 11.5, 9]},
			"faces": {
				"south": {"uv": [2, 12.5, 5.5, 10.5], "rotation": 90, "texture": "#1"},
				"up": {"uv": [2, 10.5, 0, 12.5], "rotation": 270, "texture": "#1"},
				"down": {"uv": [7.5, 10.5, 5.5, 12.5], "rotation": 270, "texture": "#1"}
			}
		},
		{
			"name": "joystick",
			"from": [8, 4, 16],
			"to": [8, 7, 17],
			"rotation": {"angle": 45, "axis": "x", "origin": [8, 4, 16]},
			"faces": {
				"east": {"uv": [4.5, 6.5, 6, 7], "rotation": 270, "texture": "#0"},
				"west": {"uv": [4.5, 6.5, 6, 7], "rotation": 270, "texture": "#0"}
			}
		},
		{
			"name": "circuit",
			"from": [7.5, 6.5, 1],
			"to": [7.5, 11, 3],
			"rotation": {"angle": 45, "axis": "z", "origin": [7.5, 6.5, 2]},
			"faces": {
				"east": {"uv": [6, 7.5, 6.5, 9.5], "rotation": 180, "texture": "#0"},
				"west": {"uv": [6, 7.5, 6.5, 9.5], "texture": "#0"}
			}
		},
		{
			"name": "circuit",
			"from": [7.5, 6.5, 1],
			"to": [15.5, 6.5, 3],
			"rotation": {"angle": 22.5, "axis": "z", "origin": [7.5, 6.5, 2]},
			"faces": {
				"up": {"uv": [6, 9.5, 6.5, 13.5], "rotation": 90, "texture": "#0"},
				"down": {"uv": [6, 9.5, 6.5, 13.5], "rotation": 270, "texture": "#0"}
			}
		},
		{
			"name": "circuit",
			"from": [4, 9.5, 0],
			"to": [16, 10.5, 8],
			"rotation": {"angle": 0, "axis": "y", "origin": [8, 10, -5]},
			"faces": {
				"north": {"uv": [0.5, 5.5, 6.5, 6], "texture": "#1"},
				"east": {"uv": [6.5, 6, 7, 10], "rotation": 90, "texture": "#1"},
				"south": {"uv": [0.5, 10, 6.5, 10.5], "texture": "#1"},
				"west": {"uv": [0, 6, 0.5, 10], "rotation": 90, "texture": "#1"},
				"up": {"uv": [0.5, 6, 6.5, 10], "texture": "#1"},
				"down": {"uv": [7, 6, 13, 10], "rotation": 180, "texture": "#1"}
			}
		},
		{
			"name": "battery",
			"from": [5.5, 2, 5],
			"to": [7.5, 4, 9],
			"rotation": {"angle": 45, "axis": "z", "origin": [6.5, 3, 7]},
			"faces": {
				"north": {"uv": [10, 0, 11, 1], "texture": "#1"},
				"east": {"uv": [11, 0, 12, 2], "rotation": 90, "texture": "#1"},
				"south": {"uv": [10, 1, 11, 2], "texture": "#1"},
				"west": {"uv": [12, 0, 13, 2], "rotation": 270, "texture": "#1"},
				"up": {"uv": [13, 0, 14, 2], "texture": "#1"},
				"down": {"uv": [12, 0, 11, 2], "rotation": 180, "texture": "#1"}
			}
		},
		{
			"name": "battery",
			"from": [5.5, 7.5, -4],
			"to": [7.5, 9.5, 0],
			"rotation": {"angle": 22.5, "axis": "z", "origin": [7, 9.5, -2]},
			"faces": {
				"north": {"uv": [10, 2, 11, 3], "texture": "#1"},
				"south": {"uv": [11, 3, 10, 4], "texture": "#1"},
				"west": {"uv": [11.5, 2, 12.5, 4], "rotation": 90, "texture": "#1"},
				"up": {"uv": [12.5, 2, 13.5, 4], "texture": "#1"},
				"down": {"uv": [13.5, 2, 14.5, 4], "rotation": 180, "texture": "#1"}
			}
		},
		{
			"name": "tape",
			"from": [6.875, 6.75, -9],
			"to": [9.125, 10.25, -6],
			"rotation": {"angle": 0, "axis": "y", "origin": [8, 8.5, -7.5]},
			"faces": {
				"east": {"uv": [5, 10.5, 3.5, 12.5], "texture": "#0"},
				"west": {"uv": [3.5, 10.5, 5, 12.5], "texture": "#0"},
				"up": {"uv": [3.5, 9.5, 5, 10.5], "rotation": 90, "texture": "#0"},
				"down": {"uv": [3.5, 12.5, 5, 13.5], "rotation": 270, "texture": "#0"}
			}
		},
		{
			"name": "tape",
			"from": [6.875, 6.75, -3],
			"to": [9.125, 10.25, -1],
			"rotation": {"angle": 0, "axis": "y", "origin": [6.875, 8.5, -7]},
			"faces": {
				"east": {"uv": [6, 10.5, 5, 12.5], "texture": "#0"},
				"west": {"uv": [5, 10.5, 6, 12.5], "texture": "#0"},
				"down": {"uv": [5, 12.5, 6, 13.5], "rotation": 270, "texture": "#0"}
			}
		}
	],
	"gui_light": "front",
	"display": {
		"thirdperson_righthand": {
			"rotation": [0, 3, 0],
			"translation": [-1, 2.5, -0.5],
			"scale": [0.5, 0.5, 0.5]
		},
		"thirdperson_lefthand": {
			"rotation": [0, 3, 0],
			"translation": [-1, 2.5, -0.5],
			"scale": [0.5, 0.5, 0.5]
		},
		"firstperson_righthand": {
			"rotation": [25, 10, 0],
			"translation": [2.5, 2, -10],
			"scale": [0.75, 0.75, 0.75]
		},
		"firstperson_lefthand": {
			"rotation": [25, 10, 0],
			"translation": [2.5, 2, -10],
			"scale": [0.75, 0.75, 0.75]
		},
		"ground": {
			"rotation": [-22.5, 0, 0],
			"translation": [0, 6, 0],
			"scale": [0.5, 0.5, 0.5]
		},
		"gui": {
			"rotation": [30, 45, -15],
			"translation": [0.75, 2.5, 0],
			"scale": [0.5, 0.5, 0.5]
		},
		"head": {
			"rotation": [0, 0, -90],
			"translation": [5, 7.5, 4]
		},
		"fixed": {
			"rotation": [0, 90, 0],
			"translation": [0.5, 2, 0],
			"scale": [0.75, 0.75, 0.75]
		}
	},
	"groups": [
		{
			"name": "revolver",
			"origin": [8, 1.7039, 21.54328],
			"color": 0,
			"children": [
				0,
				1,
				2,
				3,
				4,
				5,
				6,
				7,
				8,
				9,
				10,
				11,
				12,
				13,
				14,
				{
					"name": "mod",
					"origin": [7, 8.5, -12],
					"color": 0,
					"children": [15, 16, 17, 18, 19, 20, 21, 22, 23, 24, 25, 26, 27]
				}
			]
		}
	]
}